,0
0,tkersey
1,njonsson
2,bangpound
3,vincentkoc
4,Rud5G
5,mlsj1
6,syug
7,varungupta
8,esneko
9,neopunisher
10,jazzwang
11,begoon
12,fly51fly
13,fallenpegasus
14,fribeiro1
15,brase
16,chchrist
17,massimoselvi
18,ScottJWalter
19,mikeputnam
20,adeelahmad
21,mindcrime
22,informaticadiaz
23,MarceloNascimento
24,skowronek
25,dsoul
26,dmsbilas
27,thimslugga
28,leecardona
29,threecups
30,shyuan
31,nara
32,dning1
33,openam
34,semsphy
35,DaemonCahill
36,Cambera
37,riyadparvez
38,duanshuaimin
39,nattfodd
40,mitaka
41,ikysil
42,ZhangYunfang
43,temosy
44,threadstonesecure
45,manuelhunziker
46,ambagasdowa
47,daball
48,pedro-lima
49,alexharvey
50,josh-fisher
51,subidit
52,pdevenraj
53,jtmoon79
54,nerandell
55,raghuboosetty
56,tdmalone
57,34code
58,burib
59,whn09
60,bobbyearl
61,figpope
62,alishir
63,ahlfors
64,bsrz
65,mailmahee
66,mihkels
67,daefresh
68,dofstar
69,codee
70,LisaDelaney
71,jojoismael
72,pmanolak
73,kistasi
74,tariqwest
75,jonnynut
76,afelicioni
77,firebitsbr
78,glaucodiogo
79,gunkaragoz
80,manjunathd
81,afonsoalban
82,ewnd9
83,rsaa
84,hvn0413
85,duxing2007
86,ste93cry
87,LightPoincare
88,jloiola
89,itanoss
90,anujku
91,thesobercoder
92,bygbyron3
93,rickymaciel
94,KevinGimbel
95,d-shimizu
96,zsp0817
97,konamo
98,bawkingfbi
99,voldyman
100,golf-x
101,alexjennings
102,Spinfusor
103,xiupitter
104,somaditya
105,apjowen
106,usui-tk
107,onenonlycasper
108,dengqixing
109,Davi-He
110,godsoul
111,kumar-nitish
112,toku345
113,snoop0x7b
114,PandaBlessing
115,andyuls
116,juanjoruiz2109
117,mangualero
118,fabianocouto
119,haydenthai
120,yannickboog
121,proverbs53
122,Rajivhost
123,universewrld
124,dpapageo
125,HJiefeng
126,larsfi
127,kkpan11
128,plumcube
129,magigo
130,ahmadfaizalbh
131,flukebox
132,jakebrinkmann
133,simar1998
134,CheeseTurtle
135,AAbasinejad
136,virtuoushub
137,huamichaelchen
138,mumblepins
139,bingosing
140,sszukala
141,b3nkos
142,bretdarby
143,chrisgoulet
144,srinitude
145,the-watchmaker
146,codinggooner
147,kimpenguin
148,horuszhao
149,pthbinh92
150,mychen-ustc
151,weisberg
152,ace-coder
153,infinitedreams9586
154,tusharsoni08
155,hoansgithub
156,ritesh-singh
157,schallerala
158,alexxyjiang
159,star-fx
160,amavlyanov
161,garciparedes
162,keshabb
163,denu5
164,mcybulski
165,o-kakade
166,designisaverb
167,s0nlxaftrsh0ck
168,jamezrin
169,asadhaye
170,darasat
171,mklemann-com
172,nikkidada
173,tiloyi
174,roykalony
175,zhangxiangdong
176,thomasdalbert
177,LavenderDaisy
178,edisona
179,Steven-Acomb
180,kevcooper
181,jodavaho
182,side9show
183,teeksingh
184,kevingrondin
185,edybrother
186,koyashiro
187,devikirang
188,unlitdev
189,well1791
190,mleziva
191,ajian005
192,ykaidashov
193,ankur-gupta
194,Malacarne
195,anand-b
196,stdexception
197,MatterhornProject
198,tolgabuyuktanir
199,cash2059
200,rajabalaji-mp
201,anobil
202,radiochickenwax
203,THenryT
204,vedamj01
205,cocavo
206,jafferlin
207,yixiuhua
208,rodazuero
209,JustCallMe-AK
210,henriquerick
211,JoeyCai
212,Wyvernslay3r
213,gabrlyg
214,paulosiciliano
215,martinvaldivia
216,rdczhby
217,mys328
218,billykwok
219,andrey-berenda
220,sinhang
221,Pal3love
222,Lakshmiaddepalli
223,mohamed-abdelsattar92
224,rawer886
225,junhong202
226,iamlos
227,thanhcsf
228,junaid109
229,arpitgo4
230,roykhoury
231,bafeiyu
232,Ylmzef
233,pdigennaro
234,everXu
235,anlexN
236,Janujan
237,fwblcz
238,elaineleung
239,djinl520
240,protyay
241,selfishprimate
242,Mwalthery
243,GregAllenSmith
244,zgover
245,avestura
246,aspindle
247,pqrsooo
248,evanshrestha
249,bos-hieu
250,hanautoparts4u
251,sonimonish00
252,ljesparis
253,imvikramn
254,massivelivefun
255,garrettrh
256,adanone
257,ghishadow
258,shower1986
259,mseld
260,JasonYe88
261,seshurajup
262,xiaopizi19
263,pelamlio
264,Asavarkhul
265,ajay340
266,custadian
267,KlwntSingh
268,FelixFeliciant
269,learnerzhang
270,gamedebug
271,jonathanarodr
272,baboooin
273,sadou-bah
274,osama-ahmed
275,nir-zilberman
276,changyongyong
277,bigDP
278,WajahatSiddiqui
279,markjohnlucas
280,Vaibhav
281,manavchoudhary
282,mrcharlierace
283,nikolaospapachristou
284,CallmeTorre
285,jcarlos001
286,vslala
287,peterjlay
288,Ngel-Castro
289,rilek
290,dawei-wang
291,GeoSkiis
292,DominikHorn
293,bptorao
294,JeffUssing
295,edstgo
296,yxblee
297,barisates
298,ankkrish
299,pratickRoy
300,pereirakadu
301,justinsamuel92
302,ryanulep
303,dotsnangles
304,609151318
305,RyanAugust
306,dbarrington
307,knhnd
308,akari0624
309,noid11
310,ioing
311,AruulmozhivarmanS
312,Tusharjagi
313,ivaylo-yordanov
314,rramirez0203
315,emullaraj
316,theranajayant
317,jkjavier
318,mcguegi
319,nbhirud
320,fischerleon
321,UmutSERIFLER
322,zhu0823
323,Joe192168
324,SanHacks
325,LindaHaviv
326,ball582
327,dmitrykrisko
328,qmajid
329,we1l1n
330,jhhe66
331,Almarch
332,thangnm93
333,NikhilRyan
334,dongzhuoyao
335,chenzilu1990
336,jason1004
337,xuelangqingkong
338,godobyte
339,chanffdavid
340,anomaly-88
341,pianwan
342,undabah
343,aymenbelarbi
344,ashish936
345,giotramu
346,0xlkda
347,guilhermebc
348,SMBgurus
349,brentclay
350,mate-h
351,artur-sak13
352,yorshreynoso
353,yehuizhang
354,rubenca01
355,AAdewunmi
356,balao7
357,flaviopavim
358,Zenidog8
359,aiwongs
360,devcang
361,lvkh1
362,kalsyanpradeep
363,charaton
364,jadanah
365,vonzou
366,montedev0516
367,jaymahfudy
368,maxsxu
369,lavanquan
370,keita-hino
371,KyuDounSim
372,depers
373,Anirudh257
374,jmartins-sh
375,satyarajreddy
376,Prithvish04
377,AnsonHwang86
378,xzm2004260
379,anirudhbagri
380,STCYC
381,rsmelo92
382,Cybercommanders
383,StrangerCoug
384,keren123
385,paraskevasleivadaros
386,Grimgog
387,noodanee
388,nibinjoseph
389,alobe
390,zhuzixian520
391,JadeCong
392,VitorSouza7512
393,ProfessionalBoatDrifter
394,dancause
395,ltlwill
396,graceko22
397,paletode
398,Timotej979
399,erenaslandev
400,BarathEswerN
401,victordrulis
402,serhiiklenachov
403,camerondurham
404,khanhhuy288
405,gstair
406,wwfyde
407,hotsticker
408,ningfc
409,RishabhKr97
410,jmcfayaz
411,jiangoz
412,ardasatata
413,Murplugg
414,tanvirstreame
415,ngocphuc1612
416,kworkbee
417,arnab-ray
418,yuriykuntsyak
419,bahadirsahin
420,SMSesay
421,jamestiotio
422,anuj97
423,yaelBrown
424,motmaytinh
425,desaidn
426,NoxGamingQC
427,aravinthakannan
428,gsrathoreniks
429,lingjiekong
430,diohsb
431,janviyao
432,hijiki51
433,pradeepkni382
434,rdnasim
435,shrinidhibarthur
436,StrangeKnowledgeIncresed
437,canering
438,Austin47
439,shokriw
440,franklin-monreal
441,xxh031203
442,dororoholic
443,chipro
444,lossfunc
445,loumalouomega
446,james-sungjae-lee
447,SamGreenwood1
448,garyhtou
449,d3v2null
450,msweetland
451,ddoron
452,wrslatz
453,fsalhabib
454,jrjm1111
455,mitutitu16
456,ShuhaoZQGG
457,akashsathyan
458,sushant-joshi
459,chrisskhoury
460,djvelimir
461,jeremychauvet
462,alxporto
463,riturajDas
464,Logicus03
465,chinchillajared
466,isabelchaves
467,shikharsaxena98
468,flukelaster
469,rjuer
470,mussieh
471,pawa2007
472,lintsai
473,6thpath
474,CodeWithNJ
475,rockychang7
476,hanwgyu
477,wudangqibujie
478,DihanDai
479,drewfrost
480,chris-c-thomas
481,bixo-d
482,MUmarJaved
483,contimatteo
484,amaankulshreshtha
485,hiromesh
486,surajsahani
487,hackenbacker
488,petronem
489,my1795
490,Pzoom522
491,ilivinus
492,SpeicherA
493,nityansuman
494,akbarboghani
495,hahacyd
496,renyang1
497,wangtiechuan
498,lynmison
499,linshan-ma
500,EngineerMichael
501,anaghkanungo7
502,RickyC0626
503,WladFrazao
504,Ming0217
505,caesar-one
506,rayxwu
507,xuepengwei
508,Ishanna
509,pavankalyan-nvs
510,JoeRMiller
511,luwen193
512,devStarscream
513,nkn6294live
514,FanJups
515,ShwetaShivangi
516,amwi04
517,mnk400
518,pd14196
519,samirdjelal
520,tychodev321
521,TheFJS14
522,Baleryom
523,caitinc
524,jtbiron
525,almokhtarbr
526,andreacip
527,alexanderafanasov
528,duranbe
529,thapaashis110
530,soccernut
531,mdobro1
532,royswale
533,saneknight
534,AnhTrieu
535,janmarkuslanger
536,morinyan
537,gujiacun
538,adileone
539,BIGChask
540,mapjx
541,fuhaoma
542,DXLZ
543,nuffQuantumSayd
544,nfedtech
545,kekemao00
546,lamsd
547,renanmagagnin
548,anuq
549,igorasantos
550,metaphor0
551,iashutoshtiwari
552,yaravi
553,skippermin
554,masakiasami
555,gurtejrehal
556,huannvttd98
557,SantosCristiano
558,thatbeautifuldream
559,happyqq
560,PranayKotian
561,wuchunfu
562,venkate5hgunda
563,NousheenAnwar
564,whuhxb
565,ks1990cn
566,ronnielutaro
567,samutich
568,jongan69
569,nmoisess
570,kayericson
571,tjolr
572,LuGO0
573,rishikavikondala
574,lodhik9
575,cultivate5253
576,elafifi
577,akazyti
578,boomer2752
579,Luccasoli
580,benmassaoud
581,abheesht17
582,ShrivatsAgrawal
583,farhan-2202
584,HebaElGalad
585,himanshututeja1998
586,sevenhqj
587,AsadAmir111
588,CWHer
589,Pei1133
590,proKress
591,SamuelMaculuve
592,pasenchenko
593,jinjidong
594,eemailme
595,Nikronic
596,Razdeep
597,jkh920184196
598,jimbrig
599,FenTheDev
600,Dxdzy86
601,ThaoNhienNguyen-Erika
602,chunkSpadunk
603,patrick22414
604,diguapao
605,pseshadri9
606,Jiahuan-Pei
607,AdityaSoni17
608,shelthack
609,dykderrick
610,johngunerli
611,aijls
612,spacefly
613,akashmdkml
614,Menotron
615,smustafa75
616,nanaboat1
617,eshack94
618,S-Swaroop
619,HellCat1024
620,Karim-53
621,EthanC-8
622,nitinnbisht
623,ericpark123
624,Matheus-ESW
625,allenduchaoyuan
626,Yulv-git
627,hexolan
628,moqsien
629,MilleniumSpark
630,sagsango
631,Programador89
632,robertgro
633,JasonMoon95
634,snkd
635,limeng92
636,ronald-balutiu
637,raashidanwar
638,jackpan123
639,bshreddy
640,TsukasaSeto
641,almiracioly
642,PallaviVarandani
643,alvinlal
644,Rookl
645,awabasher
646,Katsukiniwa
647,huuquyet
648,PMcTwist
649,hqng
650,MahaboobDanish
651,rkv0id
652,MadeInLondon
653,SimonVonXCVII
654,sigsant
655,celikgo
656,shiva0612
657,rroohit
658,jk4freedom
659,kyamashiro
660,LasVegasBilly
661,Turbocaspal
662,davnunes
663,afondiel
664,johnnyrtrentin
665,stnorbi
666,stacyrymer86
667,zero-null
668,jh9875
669,eduardoteles17
670,GITWHB
671,DevinByteX
672,ricardosuman
673,mencarellic
674,GitbitGit
675,rabbithophop
676,ftf1218
677,hirawatt
678,adilet-saken
679,marcomamprin
680,Thejuskbenny
681,TomasDavidYe
682,nanaxumu
683,adyilam
684,GabrielFerrante
685,13995595007
686,tinahuang222
687,edgaramirbekian
688,Bhavuk-Garg
689,liwenye123
690,Mzon2857
691,thiagomares
692,skleee
693,mjsheikh
694,anishamalde
695,easy147
696,TeddyCom1
697,prabhumns
698,VSXV
699,HyunjunA
700,harishravi121
701,Habib16051
702,iamharvey
703,rahul-zomato
704,ricardopra
705,avanishvyas
706,inframarauder
707,u0100
708,YjqZhouxiao
709,adhamsalama
710,LuoTailong
711,AtaraxiaZ
712,hyanzhang
713,sovansambath-phann
714,rkej
715,maxpatiiuk
716,jinshuye
717,ibn-khafagah
718,kartikeytewari
719,md-arfin-cse
720,johncruyff14
721,johan-lab
722,ambanerjee
723,bzamith
724,deviknitkkr
725,Abirul
726,ranefattesingh
727,nesakobi
728,Valairan
729,SnehanjanChatterjee
730,rafaelgustavofurlan
731,yungwarlock
732,hunghg255
733,matoszz
734,andrewdge
735,RobertConde
736,rksamu
737,LiviaKarolayne
738,hartl3y94
739,ramitkataria
740,saarthdeshpande
741,hxinn
742,leechenze
743,Dexterzprotege
744,alan713
745,sandrawilczynski
746,ManojTGN
747,Debarshi95
748,gauharayub
749,gxtsk
750,middas-0706
751,seanwynwins
752,WendyYanto
753,sangamesh-kodge
754,claudsonbarros
755,yotamnahum
756,huiminlim
757,tjykvuo
758,sumukhteja
759,tung1707
760,JankinTian
761,Pcharlot13
762,djmcclary
763,theroyakash
764,sadoreko
765,billsenxu
766,MarcoSantonastasi
767,joanB0ix
768,grg124
769,cheungfujai
770,amadsalmon
771,infinitepower18
772,ashr4f1arr2ad
773,akbarabdul80
774,rgdyy
775,shayanekat
776,fellipematos
777,Disciple0fMarx
778,VE5ETA
779,KlinKlinKlin
780,ishu-thakur
781,devendarsai
782,brijeshbhalodiya
783,zaaakher
784,XRLZX8
785,soumyadbanik
786,zhnzhang
787,yhf98
788,xjhofernandes
789,gauravagrwal
790,torys877
791,juanca-jimi
792,mapy1874
793,JohnDNC
794,zeelsheladiya
795,ImKunYoung
796,EduardHov
797,kamelbendi
798,mitchell-cheng
799,Soumil-Bhattacharya
800,mahmoud-elghonemy
801,johnmccants002
802,samedsemihs
803,jupdec
804,moramadan98
805,aymandarwish
806,mayankvadariya
807,porum
808,HongLouyemeng
809,maniac1122
810,Sambit650
811,haja-fgabriel
812,kohring
813,okonri
814,paulohenz
815,leopoldoH
816,cnhuz
817,liltommy1dev
818,Wwillers
819,owini
820,amirmojarad
821,RichardZj
822,Spiritbocs
823,MarcoSteinke
824,yanquanfahei
825,acox216
826,smy1999
827,switcombe
828,wesleybertipaglia
829,anujchoudhary-17
830,mazrean
831,XrosLiang
832,994Simone
833,matheussooares
834,Mystic-77
835,bruno-aires
836,Jirigesi
837,PerfectYellow
838,imokhtar
839,GvHarish9894
840,ArthurAnastopulos
841,w3dg
842,guilefoylegaurav
843,denmj
844,burakaktna
845,frankxzAmazon
846,Kevinoob-design
847,ericwidjaja
848,mirfanaslam
849,nayeonshin
850,danieloliveira01
851,xiaozhiob
852,u-yas
853,smelouah
854,icqmula
855,ndagan
856,dmascheck
857,Abhirajnow
858,sanjuchandra
859,sadiqshaik123
860,cccaimingjian
861,anurag01a
862,masrafi115
863,Nosckid
864,Liebmann5
865,sm-heard
866,Abhijrathod
867,leonardoknakagawa
868,agastaldellomaccomit
869,steffiypx
870,AdnanAaddi
871,MaxDeveloper16
872,hchen19
873,leonardofhy
874,tenpa007
875,gtrman97
876,clay-curry
877,MuffinAmor
878,amiranbari
879,Natur3-Boy
880,TheShiningVampire
881,rushilenekar20
882,soma2000-lang
883,jin-sungdae
884,quantdevv
885,Anass-23
886,Ayush-Pujari-07
887,songziqwq
888,goillotc
889,prajapati-rasik
890,2019-GitHub-Chu
891,Tarsisnbs
892,qaws7791
893,dylenchang
894,chinkin707
895,azwpayne
896,jflad17
897,fabianozonta
898,frankporco
899,surajongithub1986
900,adithya1010
901,sametcn99
902,Hung-00
903,Aditya-Khemka
904,tamilvanan-b
905,chanwoo00106
906,FrankQixiangGao
907,WonJoongLee
908,alikemalozgumus
909,Codesmaster-lab
910,gwd666
911,dhanrajswami
912,Supriyo8799
913,Maher-RJ
914,Dajun-2019
915,0xa3k5
916,LuanGomes12
917,stevenrsewell
918,Symon629
919,martintaylor1635
920,kranti2201
921,prad-j
922,jaquespavan
923,nholuongut
924,huiyouyou
925,vignesh5535
926,huai-jie
927,bipin0x01
928,chrichri17
929,GessioMori
930,TylerMamrot
931,danmslamt
932,Pecorari
933,1MuhammadFarhanAslam
934,br8km
935,najmehn00
936,Uplift-0508
937,samtimur
938,ajmalbinnizam
939,TatsuyaNakagoshi
940,jigordev
941,NonymousMorlock
942,EfeAcar6431
943,akinfelami
944,Yongxi-Zhou
945,avstreamdevpro
946,SilviuLazar
947,kqiq
948,NaoyaTatetsu
949,mijung-in-11st
950,simonjgr
951,osman-nazir
952,Vigneshkumar212
953,mrwanggang-crazy
954,BraeSleepn
955,avadhutjc
956,MLHaddon
957,Capital-SetMawHtay
958,sumairq
959,jcork4real
960,samr874
961,aditya-repos
962,spencerlepine
963,calbergs
964,yusuke-z
965,Yuri-Mendes
966,jimmysmits
967,Drag0nf1y
968,JohnDoll2023
969,Saipraneeth99
970,sheikhsspear
971,santoshlite
972,leejoonhun
973,mmhamdy
974,lorenonzi
975,baisedongtian
976,arqam365
977,hiyyg
978,zustems
979,VitorAkira-me
980,Jesus-Retr0
981,solfonte
982,PrideStudio
983,DevOps920719
984,Matt-Bulk
985,xiao-cy
986,meijihatakeyama
987,galichy79
988,thefaheemkhan
989,Flaiers
990,HenriqueFurtado-Dev
991,Derokkk
992,Shahna-C
993,chosungmann
994,grahamwaters
995,deezeddd
996,jaymepsantos
997,mohamedhabibwork
998,Rayane-Aboud
999,hueiwhfa
1000,anurag1504t
1001,rudra-code-creator
1002,rajveer43
1003,Kushan2k
1004,Thilak-KN
1005,Tiger15cub
1006,AesisGit
1007,rafaelporfiriobarros
1008,OBud75
1009,DonelAdam
1010,yosefkiros
1011,benzebra
1012,HamdanAr
1013,ralintuscano
1014,rhattox
1015,FurkanEdizkan
1016,reaovyd
1017,Tyalor
1018,SegaGLm
1019,celso-na-teixeira
1020,nilesh05apr
1021,EM51641
1022,seanpm2001
1023,thiagomendonca-eu
1024,rainmana
1025,dylanhood
1026,chris0765
1027,JohnPPinto
1028,Pquar
1029,oss-mad
1030,TrNgTien
1031,Mindula-Dilthushan
1032,shuklarituparn
1033,AHANCIT
1034,sebaminaya0
1035,Julieta7312
1036,d-t-n
1037,vinoth-techie
1038,rbuchmann77
1039,Ygor-J
1040,Rameshraj55
1041,SeifEldinMohamed
1042,SteCC
1043,daniel-dqsdatalabs
1044,JoseRicardoPE
1045,PhumyJS
1046,yuyingjun0922
1047,shakhzodtojiev
1048,ShabbirHasan1
1049,klkuoguru
1050,sumedhdev
1051,ggopal13
1052,angeloS-98
1053,yagikota
1054,DougRog
1055,ipez98
1056,litingyes
1057,buddy1276
1058,rdbender
1059,balajiCubie
1060,uivid64
1061,deevanshu-k
1062,linquint
1063,pjiang15
1064,jeanhackpy
1065,PhaedrusFlow
1066,nguyen-duy-tan
1067,Tpeach9474
1068,KennyOliver
1069,ronnieangeles
1070,drnomader
1071,Lucas-sudo-dev
1072,mahmud0v
1073,carnate-tech
1074,AldairAvelino
1075,mertkilix
1076,Ghost1386
1077,asmnajmussakibkhan
1078,IgorNatann
1079,harshitclub
1080,ketanxos
1081,Rahul-Biswal-new
1082,istellaliu
1083,QuantumBoy1010
1084,polygonnedpotato
1085,MadushanNimantha
1086,Choikyudong
1087,Harshi-itaSinha
1088,anthowest
1089,emiltervo
1090,gustavoturin
1091,mohd-salem
1092,Infisrael
1093,bjin0822
1094,MateSousa
1095,marcelozepeunam
1096,DeversGigan
1097,canyoldas0
1098,erfuun
1099,madcitymultimedia
1100,arunavabasucom
1101,JonathanCristovao
1102,ugke
1103,Gustavo-Murdiga88
1104,uk-2
1105,Jiyu-Kim
1106,aadarsh-af
1107,karthikmurakonda
1108,fantastic0206
1109,littlelionly
1110,thunder-007
1111,Rahulengineer-spec
1112,ibarraz5
1113,vidda5
1114,AndreiMariciuc
1115,tatvil
1116,michelececcacci
1117,nabeelnoor
1118,sherlcok314159
1119,mist1024
1120,elerner42
1121,leakedmemory
1122,vedantraval2310
1123,juliana-silva-hub
1124,efJerryYang
1125,mrrushikeshdaund
1126,sudongyuer
1127,LlandspitRunzingf
1128,jianan1104
1129,Westsi
1130,AnmolVerma404
1131,JoseLopezSolis
1132,Ashish0898
1133,muratali016
1134,ozancck
1135,farinaceos
1136,zamoosh
1137,KISHORE-KUMAR-S
1138,aravhawk
1139,anadeem2
1140,VincentIhab
1141,Vaema
1142,natdosan
1143,ManojJ07
1144,strymon94
1145,VictorSordi
1146,cx63cc
1147,riadelimemmedov
1148,ForBai
1149,David7ce
1150,EduardoCorazon
1151,aoshenx
1152,DamonAustin
1153,b1shtream
1154,sozelfist
1155,itsRealEllis
1156,weiliw-amz
1157,llllllilllilliii
1158,VenuGarlapati26
1159,samliu90
1160,gerald924
1161,FukazawaKazushi
1162,TheTrueKen
1163,arsal28
1164,TakahirosGithub
1165,StephenOravec
1166,sccvn
1167,yaroslav-honchar
1168,sbdeveloper90
1169,BilgeBalga
1170,loupprodi
1171,shirushi-dev
1172,Samruddhi362
1173,lettymoon
1174,clearljn
1175,karishma502
1176,jiaweicai92
1177,Mairobinsky
1178,pritamkpratihari
1179,HenryDV
1180,uDanielBispo
1181,bhavikg-dev
1182,federicoreppucci-deliveroo
1183,buiquangthanhcode
1184,Jibe7
1185,MJ-Tech-H
1186,KendallDoesCoding
1187,Shrey-Srivastava21
1188,niravpi
1189,Itisjigar
1190,piyusagr
1191,junzmint
1192,enricoasc
1193,rakshit782
1194,PoojithaIrosha
1195,adnene-guessoum
1196,Yajie-Zhang
1197,huseyingirgin-eva
1198,script-lab
1199,ccampa896
1200,Nandita-SB123
1201,protechq88
1202,poojasundar15
1203,me-deshpande
1204,gaallmin
1205,Ahmedhamza1232001
1206,quirksalot
1207,nurullah-arican
1208,imRHB
1209,ariyandevanand
1210,ishika1501
1211,mdzaberalhamid
1212,MuziZwane
1213,ahamedrujhan
1214,batz-gg
1215,jmoore78
1216,saitejar110507
1217,ekaterina4952
1218,KalvenDebig
1219,kumartul
1220,eaxoy
1221,charan11sv
1222,YoliswaD
1223,frankpengau
1224,wanjanhasan
1225,nalinverma03
1226,Phillipe-Hugo
1227,Hoanganhvu123
1228,ndnan
1229,MarshallOkafor
1230,NickMezacapa
1231,fedebayer
1232,xwillxu
1233,danielaiyuan
1234,tkm9602
1235,NavratanPatel
1236,Paarasjoshi
1237,RajeevRanjan27
1238,Tahsin411934
1239,Samruddhiiii
1240,fvarghese99
1241,rediahmds
1242,nishantb06
1243,Louuuaiii
1244,FelipeFama
1245,marcusPrado02
1246,Arshu200
1247,josephmartinmoran
1248,AndreCoutinhom
1249,natamartins
1250,techlobster
1251,elcnu986
1252,sssamm29
1253,NChub
1254,techprogo
1255,mgaspirc
1256,SarfarajRahmn
1257,Aniketchaudhary16
1258,JeromeXapix
1259,ClaudiaA18
1260,stoicsapien1
1261,feyzamiynat
1262,ElizabethJoseph25
1263,dfordp
1264,Manbendra2014
1265,Saleheddin
1266,enVId-tech
1267,heshara2000
1268,Saba42V
1269,Shahid6289
1270,henry-vipnet360
1271,kishanK111
1272,thrashghost
1273,prejin2310
1274,alismask
1275,rodrigommar
1276,Sudhanva-Nadiger
1277,FelipeBNascimento
1278,ethangtkt
1279,mb4m1
1280,Lucas1114
1281,puppsupr
1282,neox-d
1283,naji0329
1284,SuperSmile0109
1285,Giasinit
1286,apella1
1287,0laday0
1288,pannacottaaaa
1289,mars-aria
1290,RichardMulambuzi
1291,RYANFRANKLIN237
1292,shfjdgadg
1293,Thund3rHawk
1294,LaughingJackalope
1295,ygill-bsci
1296,isaacbrendel
1297,Avidlearner001
1298,zagui-master
1299,Ganesh972
1300,marupon3910
1301,Fuko-Ibuki
1302,supbrice
1303,black-mold
1304,BrunoGr0883
1305,tomgangwang
1306,emmyoh
1307,alxnjalex
1308,molochnyh
1309,leonardonakagawa
1310,chkp-bryans
1311,hgnzheng
1312,itsagurin
1313,sghost13
1314,SpikyWU7
1315,devsantiag
1316,shashank-mishra14
1317,missAnneThorpe
1318,KhaleelMuhd1998
1319,KoolSoul
1320,Naveen2334
1321,IAMPARSI
1322,LeonMS123
1323,HarshitC-27
1324,nosh09
1325,Angie-Zhang
1326,skycomestatus
1327,Vladdstian
1328,satayuji
1329,HJPandey
1330,ryanherd
1331,AmineLemsih
1332,gremsyQuanLe
1333,LKChigumadzi
1334,Kenaaaaaa
1335,koray-aydin
1336,jlggnss
1337,lchen104
1338,louisphihaihoang
1339,RahulDubey391
1340,SnKToR
1341,Rupesh510
1342,vatsal-30
1343,akshit2257
1344,pppppyamaP
1345,Trik01
1346,shezaadahmed
1347,zahidhussain998
1348,hemsridh
1349,Vijay3725
1350,DDDavey
1351,adoussal
1352,iopebiel
1353,lowep
1354,yolo102938
1355,FlawlessCasual17
1356,dhineshprabakaran
1357,qdclub
1358,asimpson0000
1359,dmytrochumakov
1360,thatme12
1361,JaRLenZhang
1362,The-code-is-secret
1363,jeremyw-dobeu
1364,christine-sandbox
1365,Comosaycomosah
1366,maxrathmann
1367,AaronSMathew
1368,FIDEL7Z
1369,rohit250799
1370,MirboboyevJasurjan
1371,General-MP
1372,lucasaraujodev
1373,vishaal3301
1374,aka5050
1375,truemanstock
1376,tori-ham
1377,wanshiyule
1378,dubytang
1379,jasonthedataguy
1380,AContesini
1381,julianomolinari
1382,Ponthezs
1383,xMxrgan
1384,mottamatheus835
1385,akhmadmamirov
1386,ParagDD
1387,bourbakiN97
1388,Myceliose
1389,mil2tech
1390,menawi
1391,007nishan
1392,ad0niram
1393,chrisgomad
1394,looooooooy
1395,ayitharevanth
1396,Ashishh0007
1397,seespike
1398,ropdias
1399,penguinpottery
1400,crr-bbai
1401,ComprehensiveAmoeba
1402,RohithTurlapati
1403,andedavd
1404,WLHQ
1405,manuelortizus
1406,aibolu
1407,MaxBryne
1408,Frisek
1409,shanenichols-channeladvisor
1410,mircoisendu
1411,soriqoo
1412,doy209
1413,ThecoderPinar
1414,romans1234
1415,silviana-hs
1416,Oustra
1417,risingcurve
1418,omerkawaii
1419,ViniciusSilva97
1420,rigvedp97
1421,sahanediriweera
1422,Raghavendra-Yadav
1423,jcf170030
1424,vladelets-vselennoy
1425,ThomasCode92
1426,paulaPSOx
1427,Pranav-raja
1428,rsenthur
1429,xmartinsbr
1430,DhrubajyotiBiswasfounderofDribll
1431,alpharomercoma
1432,archynar
1433,JulienCamp
1434,ryan-w-roche
1435,montyma-amazon
1436,BryantVencil
1437,Vasco-Arts
1438,YgorAlcantara
1439,akshaygp18
1440,AgentofPhoenix
1441,JapnoorHere
1442,Zaka123456
1443,Pulimi1991
1444,modabossymaxk
1445,gurawliprakhar
1446,MaizeShark
1447,xingole
1448,Isu-Patel
1449,Janxxxx
1450,chukstochi
1451,srdegbe
1452,chuzairnisar425
1453,IzaacCoding36
1454,Emzie2212
1455,chacin04
1456,pushkarcode
1457,bbazwalt
1458,zhaoyumin2022
1459,Calum09
1460,anbinh93
1461,TN-Junior
1462,Itzkuldeep444
1463,rafaelgandis
1464,iamchiranjeebpanda01
1465,wsa0227
1466,gsoni1
1467,aniruddhawathare
1468,Qianru69
1469,samiamorshed
1470,mrlizhaozhi
1471,soorajaryan007
1472,IKashCode
1473,Anmol5519
1474,krishnaghugare
1475,fernandobraz88
1476,bhargavbijjam
1477,Lucasqrz1
1478,sachin21t
1479,RomDev7
1480,doski22
1481,allaboutevemirolive
1482,hongbo-wei
1483,mdhumairraza
1484,Laindrion
1485,kdelcampo13
1486,Hoppeful
1487,vaddikeshavareddy
1488,MahdiCodee
1489,DonzerHD
1490,darenj456
1491,coder-nian
1492,shubmanh
1493,kybex11
1494,VasanthamHimaanshu
1495,luizvulpi
1496,SvipWangyh
1497,innocentc
1498,gtamaral
1499,1jana0
1500,beyzaaydogan01
1501,ardattoprak
1502,Armkas
1503,weeeam
1504,mgtian03
1505,Vincent-Y5
1506,GuilhermeeCustodio
1507,rajwadejii
1508,carlosgomezi
1509,fevziismailsahin
1510,Prateek-Wayne
1511,kanaksad
1512,1allan2
1513,RaviYadav02
1514,DadMouth82
1515,jvitorlk
1516,Su-Tcode
1517,andrefmmartins
1518,gitteedara
1519,iam-back
1520,Ananya2311
1521,MaxwellNi
1522,eloidieme
1523,winfredbo
1524,DeclanGH
1525,xcrar
1526,Sheepdog2022
1527,Salvapazzo86
1528,Mohamed988o
1529,jessepeq23
1530,htiennv
1531,Shashank1407
1532,AngelCen14
1533,rsmaayon
1534,jouaraujo
1535,ali-fraz
1536,Mahfuz-00
1537,AleCM8821
1538,sbaws
1539,rany01
1540,Anis-Web
1541,Ig0rFA
1542,Som-III
1543,mparameshkumar
1544,wshanleee
1545,ansh2903
1546,konpap-chan
1547,LuizGup
1548,sudoblanc
1549,Arun-gox
1550,DominikWunderlich
1551,amitsingh2022
1552,misaelsp
1553,developer1618
1554,JaafarLezzaik
1555,AliHossam98
1556,0xshii
1557,Renpeng01
1558,shanechioa
1559,LekshmiPrakashhh
1560,pchalise7
1561,Eleutber
1562,Valliebby
1563,camilasoares045
1564,poemww
1565,vasanthbanoth
1566,Sray47
1567,johnvesslyalti
1568,Alexdon1988
1569,jinholee-lab
1570,aminbiography
1571,Svetozara3363
1572,alejandro-requena-cervera
1573,MarcelloCordal
1574,github-world192
1575,rajeshkanugu
1576,sivalaxman07
1577,Chetan-Patil-52
1578,oohcopy
1579,raphaelguardiano
1580,choiruddine
1581,Nithin-singiri
1582,adiibnuajat
1583,mahathibodela
1584,krishnagptamcs
1585,yanwei257
1586,sergiojfsunior
1587,Mjawadasad
1588,GiuLOCX
1589,L-Alexandre
1590,Sebastiaanel
1591,saikot-shahriyar
1592,firefitdesgns
1593,eladhon
1594,themrhoffmann
1595,guachonomez
1596,mgrundwuermer
1597,ryanAMZN
1598,Philipabao
1599,michaelboateng1
1600,Chadkendu
1601,Olaffson
1602,Hamza-H10
1603,Serenitychic
1604,FranPiBe
1605,karthik121222
1606,AbhisekWebDev
1607,timboslice832
1608,braedonbillingsley
1609,gilleswb
1610,Naruto-79
1611,aostar168
1612,shivam-tadas
1613,tinajiang26
1614,marcosdataleal
1615,Rhettliu66
1616,nandarshan
1617,HappyMicky0317
1618,Andrei-Boghiu
1619,martinOofay2023
1620,josielabreu
1621,Wuzoobia
1622,VISHALVARUN011002
1623,ColdCodedotso
1624,19raulruiz68
1625,zaim03767
1626,Nanigullipalli
1627,imishangrover
1628,wiscdn
1629,ortanaV2
1630,sks972
1631,TheReDNooB
1632,benthvmas
1633,omarhabd
1634,Kayra-Baran
1635,purushoth2603
1636,ywangire
1637,ZenShuHara
1638,lucaxchen
1639,chende1121
1640,RamiroBalbo
1641,nbinmostafa
1642,TF-185
1643,mdadnankh
1644,VidhiS07
1645,AleMartins2023
1646,JCOOPER5646
1647,danylo-miranda
1648,SangaoWe
1649,Maycon-dSilva
1650,viktorhuszag
1651,imanol-2021-12
1652,andregustavoaguiar
1653,aws-apradana
1654,choimikey
1655,nazidul
1656,yudai-shibuya
1657,datamoro
1658,KAEWPRASITKRAN
1659,don-glover
1660,Maycon-Melo
1661,lanjua5899
1662,TheWitchySarz
1663,JStk-Dev
1664,notjustjoshin
1665,niveshatom11
1666,MaximilianBuchwald
1667,amenihong
1668,MT-Designs
1669,ShlokVFX
1670,ben9672
1671,YuvalYanay
1672,aristo-alex-develops
1673,Abeldsonndiku
1674,WIN1NG22
1675,GauravDevOps711
1676,BogdanKlimov11
1677,S-PScripts
1678,thiagomorais87
1679,gitgptmin1973
1680,PatientProblemSolver
1681,jiang3d
1682,the-new-fifty-two
1683,DavideSchirru17
1684,RajVishal7
1685,ykkalexx
1686,thinkerZz
1687,Toony-mahmoud-saad
1688,joaovgcoelho
1689,V-AI-ML-DL-DS-PL-PYTHON-JAVA-GO-2023-0
1690,tree-shrew
1691,Amisha-verma2907
1692,ocupadaparavc
1693,nogueiralf
1694,zactseng
1695,ricberht
1696,ChamelePhantom
1697,abolfazlhajjar
1698,Tariq-Anjum
1699,vedamjamz
1700,adminjd
1701,amandageovanna
1702,collinfung
1703,justzh
1704,Untilme
1705,Mrisuk
1706,Zzzyyy2023
1707,ManishaBathini
1708,Chrishargrove58
1709,Kikikickss
1710,luneto10
1711,538mansi
1712,Chris255202
1713,INGVARtattoodjnWEBdev
1714,PPCXZ
1715,arjun-ghose
1716,cvs0
1717,ZumaGr
1718,worriedape
1719,iwauta049
1720,NikunjWorkDo
1721,rshuba4
1722,sairavi5887
1723,ravigiri91
1724,dminduca
1725,nareshns2004
1726,robin7-mac
1727,Euviniciuscouto
1728,LEO-Bloody-Sweet
1729,Merin-jai
1730,ThokozaniMntambo
1731,vx-vijay
1732,Sofyaolvs
1733,Trupti0705
1734,Valoron
1735,acya-amazon
1736,kidu-s
1737,unstatistical
1738,GiorgioAntonelli94
1739,niroshinimurugadas
1740,chrixcrusher
1741,harishravi131
1742,wishspotting
1743,harishravi141
1744,harishravi151
1745,luisdavidpaz
1746,nfrwt
1747,JustSouichi
1748,suncoastcloud
1749,rainzhang05
1750,Nikhildsaroj
1751,Pranavprasadsinghs
1752,augustomangini
1753,CS-Explorer
1754,miguelkuter
1755,JeromeyDynamics
1756,Pymster
1757,Sethfire2
1758,sfc-gh-cmilton
1759,hightech3
1760,Guilhermedev9
1761,SavetoAI
1762,KP543
1763,manikupireddii
1764,the3letterscompany
1765,unitop010
1766,ANVESHBV
1767,tufanbil
1768,iamakachili
1769,Jacqueto
1770,arturogaitatzis
1771,Morkonian9
1772,beverlymallen
1773,NikolaiYYDS
1774,tayfunkilinc
1775,lucasm-paixao
1776,y-hbb
1777,HkDotPY
1778,Bishal-11
1779,yashprogrammers
1780,goeo1066
1781,GitHub7667
1782,RaphaelCaamano
1783,baecentral
1784,cstiago
1785,SnorlaxCansado
1786,rahulnuvo
1787,natamartinscodedev
1788,abhisekde96
1789,applications-engineering
1790,JeffreyLaederach
1791,arch1024
1792,remotemommy
1793,Sameerkhansabri
1794,SA-Official
1795,XQH139
1796,Kishore1284
1797,Disnord
1798,AbdullahKhalide
1799,sadiya21162-45
1800,theHeadlessGrapes
1801,3d01
1802,priyanshu052004
1803,RuanGaldino
1804,FlipGeorgios
1805,mohamedahmedch
1806,negoceio
1807,a8m1r
1808,anthonybiondojr
1809,zhuofuAMZ
1810,caimindy
1811,Dereck234
1812,WorananH
1813,CauaFChristoni
1814,sushilkumardev
1815,PreciousSingletary
1816,valuezon-team
1817,manojchandra10
1818,rasmimihub
1819,nihanth1234
1820,rsmelonw
1821,vitorinodpadua
1822,DarkCodeStudios
1823,the-vishh
1824,Rumie01
1825,Atnatewoss
1826,nickdengamazon
1827,jaiprakashbhola
1828,fbrunamiranda
1829,iirachet
1830,chuqiang188
1831,Ian2027
1832,J4R3D5
1833,firascoding
1834,sourenroy
1835,MominIshaque
1836,kavin-raja-d
1837,Eprashanth04
1838,kyawtiz
1839,arihitaD
1840,Michael-Kernel
1841,SkyeCai0608
1842,GeekAmir
1843,bbg-it
1844,thankful-kitt
1845,PauloDevelop01
1846,tpna
1847,ShinyaOkayama
1848,NmtDlrCkn
1849,AbolfazlPoornaderiyan
1850,migueelss
1851,harish-zuper
1852,bear-dotcom
1853,Robertrabbit0802
1854,godkerbi
1855,AKJUS
1856,Administrator33
1857,DennisEms
1858,jcjiacheng
1859,pranavtech-in
1860,jpdgz2002
1861,omarmoashraf
1862,mohammadmehrani83
1863,Sr-Serda
1864,philquist
1865,EsadCakinPD
1866,K437-max
1867,Jayveer-Singh0017
1868,joaoschs
1869,Yasaswini-Yasaswini
1870,github-audiyang
1871,mikey-sys
1872,Tejas7k
1873,Pascal-Felis
1874,HiagoPetry
1875,Hitalo-Uzan
1876,mariipaiva
1877,Eduardo7coelho
1878,crypto820
1879,fbaravalle-arit
1880,BoyFromDelaware
1881,ElSchutzL
1882,Himmu-52
1883,ezatk
1884,jvieira209
1885,20240906book
1886,tomliked
1887,zeroone98
1888,455272
1889,kalgiswar
1890,Smit275-z
1891,sapiendummy
1892,Johnny5x5
1893,ahcetse
1894,Sonne40
1895,sriishtyb
1896,ElfarraDev
1897,micwilsoneng
1898,anup-aws
1899,3r3m1t3
1900,Aryukt
1901,ikomers-dev
1902,recconect-max
1903,80968133
1904,felixword
1905,favieok
1906,Fritz8887
1907,jeyaganeshan-dev
1908,Len1na
1909,saqib-76340
1910,Larasho6
1911,Sahiscs8
1912,hironb
1913,Riseandenjoy77
1914,malisohail72
1915,W3nde11
1916,vitoralexx
1917,Destr0rso
1918,noideawhatimdoing-llm
1919,sivaduraiAmz
1920,renatzef
1921,Yezbyte
1922,PatrickCarvalho7
1923,yzw2024
1924,lbulhoess
1925,hatimharrati
1926,ShangRuYu
1927,nl-taiga-s
1928,murtinonline
1929,andre-tagliaferro
1930,tiago-santos1993
1931,YuriGodoy
1932,dwaz8
1933,DecryptMike
1934,almc1977
1935,SchutzL22
1936,nandhancmd
1937,yassinebelaid05
1938,Sanoj88
1939,ProgrammerKR
